t,interest_rate,payment,interest,principal,balance
0,0.008333333333333333,-19805.19600048467,0.0,-19805.19600048467,100000.0
1,0.008333333333333333,-19805.19600048467,833.3333333333334,-20638.529333818,120638.529333818
2,0.008333333333333333,-19805.19600048467,1005.3210777818167,-20810.517078266486,141449.04641208448
3,0.008333333333333333,-19805.19600048467,1178.7420534340374,-20983.938053918708,162432.9844660032
4,0.008333333333333333,-19805.19600048467,1353.60820388336,-21158.80420436803,183591.78867037123
5,0.008333333333333333,-19805.19600048467,1529.9315722530935,-21335.12757273776,204926.91624310898
6,0.008333333333333333,-19805.19600048467,1707.7243020259082,-21512.920302510578,226439.83654561956
7,0.008333333333333333,-19805.19600048467,1886.998637880163,-21692.194638364832,248132.0311839844
8,0.008333333333333333,-19805.19600048467,2067.7669265332033,-21872.962927017874,270004.99411100225
9,0.008333333333333333,-19805.19600048467,2250.0416175916853,-22055.237618076353,292060.2317290786
10,0.008333333333333333,-19805.19600048467,2433.835264408988,-22239.03126489366,314299.2629939722
11,0.008333333333333333,-19805.19600048467,2619.1605249497684,-22424.35652543444,336723.61951940664
12,0.008333333333333333,-19805.19600048467,2806.030162661722,-22611.22616314639,359334.845682553
13,0.008333333333333333,-19805.19600048467,2994.457047354608,-22799.653047839278,382134.4987303923
14,0.008333333333333333,-19805.19600048467,3184.454156086603,-22989.65015657127,405124.1488869636
15,0.008333333333333333,-19805.19600048467,3376.03457405803,-23181.2305745427,428305.3794615063
16,0.008333333333333333,-19805.19600048467,3569.2114955125526,-23374.40749599722,451679.78695750353
17,0.008333333333333333,-19805.19600048467,3763.9982246458626,-23569.194225130534,475248.9811826341
18,0.008333333333333333,-19805.19600048467,3960.4081765219507,-23765.604177006622,499014.5853596407
19,0.008333333333333333,-19805.19600048467,4158.4548779970055,-23963.650878481676,522978.2362381224
20,0.008333333333333333,-19805.19600048467,4358.15196865102,-24163.34796913569,547141.5842072581
21,0.008333333333333333,-19805.19600048467,4559.513201727151,-24364.70920221182,571506.2934094699
22,0.008333333333333333,-19805.19600048467,4762.552445078915,-24567.748445563586,596074.0418550335
23,0.008333333333333333,-19805.19600048467,4967.283682125279,-24772.47968260995,620846.5215376434
24,0.008333333333333333,-19805.19600048467,5173.721012813695,-24978.917013298364,645825.4385509418
25,0.008333333333333333,-19805.19600048467,5381.878654591182,-25187.074655075852,671012.5132060177
26,0.008333333333333333,-19805.19600048467,5591.770943383481,-25396.966943868152,696409.4801498859
27,0.008333333333333333,-19805.19600048467,5803.412334582382,-25608.608335067052,722018.0884849529
28,0.008333333333333333,-19805.19600048467,6016.817404041274,-25822.013404525944,747840.1018894789
29,0.008333333333333333,-19805.19600048467,6232.0008490789905,-26037.19684956366,773877.2987390425
30,0.008333333333333333,-19805.19600048467,6448.977489492021,-26254.17348997669,800131.4722290192
31,0.008333333333333333,-19805.19600048467,6667.762268575159,-26472.95826905983,826604.4304980789
32,0.008333333333333333,-19805.19600048467,6888.370254150657,-26693.566254635327,853297.9967527143
33,0.008333333333333333,-19805.19600048467,7110.816639605952,-26916.012640090623,880214.0093928049
34,0.008333333333333333,-19805.19600048467,7335.116744940041,-27140.31274542471,907354.3221382296
35,0.008333333333333333,-19805.19600048467,7561.28601781858,-27366.48201830325,934720.8041565329
36,0.008333333333333333,-19805.19600048467,7789.340034637774,-27594.536035122444,962315.3401916553
37,0.008333333333333333,-19805.19600048467,8019.294501597127,-27824.490502081797,990139.8306937371
38,0.008333333333333333,-19805.19600048467,8251.165255781143,-28056.361256265813,1018196.1919500029
39,0.008333333333333333,-19805.19600048467,8484.968266250024,-28290.164266734693,1046486.3562167377
40,0.008333333333333333,-19805.19600048467,8720.71963513948,-28525.91563562415,1075012.2718523617
41,0.008333333333333333,-19805.19600048467,8958.435598769682,-28763.631599254353,1103775.9034516162
42,0.008333333333333333,-19805.19600048467,9198.132528763468,-29003.328529248138,1132779.2319808644
43,0.008333333333333333,-19805.19600048467,9439.82693317387,-29245.02293365854,1162024.2549145229
44,0.008333333333333333,-19805.19600048467,9683.535457621023,-29488.731458105693,1191512.9863726285
45,0.008333333333333333,-19805.19600048467,9929.27488643857,-29734.47088692324,1221247.4572595516
46,0.008333333333333333,-19805.19600048467,10177.062143829597,-29982.258144314266,1251229.7154038658
47,0.008333333333333333,-19805.19600048467,10426.914295032215,-30232.110295516883,1281461.8256993827
48,0.008333333333333333,-19805.19600048467,10678.848547494856,-30484.044547979523,1311945.8702473622
49,0.008333333333333333,-19805.19600048467,10932.882252061352,-30738.078252546024,1342683.9484999082
50,0.008333333333333333,-19805.19600048467,11189.032904165902,-30994.228904650572,1373678.1774045588
51,0.008333333333333333,-19805.19600048467,11447.318145037989,-31252.51414552266,1404930.6915500814
52,0.008333333333333333,-19805.19600048467,11707.755762917344,-31512.951763402016,1436443.6433134833
53,0.008333333333333333,-19805.19600048467,11970.363694279027,-31775.559694763695,1468219.203008247
54,0.008333333333333333,-19805.19600048467,12235.160025068726,-32040.356025553396,1500259.5590338004
55,0.008333333333333333,-19805.19600048467,12502.162991948337,-32307.358992433008,1532566.9180262333
56,0.008333333333333333,-19805.19600048467,12771.390983551944,-32576.586984036614,1565143.50501027
57,0.008333333333333333,-19805.19600048467,13042.86254175225,-32848.05854223692,1597991.563552507
58,0.008333333333333333,-19805.19600048467,13316.596362937558,-33121.792363422224,1631113.3559159292
59,0.008333333333333333,-19805.19600048467,13592.61129929941,-33397.80729978408,1664511.1632157133
60,0.008333333333333333,-19805.19600048467,13870.926360130945,-33676.12236061561,1698187.2855763289
61,0.008333333333333333,-19805.19600048467,14151.560713136074,-33956.75671362074,1732144.0422899497
62,0.008333333333333333,-19805.19600048467,14434.53368574958,-34239.72968623425,1766383.7719761839
63,0.008333333333333333,-19805.19600048467,14719.8647664682,-34525.06076695287,1800908.8327431367
64,0.008333333333333333,-19805.19600048467,15007.573606192806,-34812.76960667747,1835721.6023498143
65,0.008333333333333333,-19805.19600048467,15297.680019581785,-35102.876020066455,1870824.4783698807
66,0.008333333333333333,-19805.19600048467,15590.203986415672,-35395.399986900346,1906219.878356781
67,0.008333333333333333,-19805.19600048467,15885.165652973175,-35690.36165345785,1941910.240010239
68,0.008333333333333333,-19805.19600048467,16182.585333418658,-35987.78133390333,1977898.0213441423
69,0.008333333333333333,-19805.19600048467,16482.483511201186,-36287.679511685856,2014185.7008558281
70,0.008333333333333333,-19805.19600048467,16784.880840465234,-36590.0768409499,2050775.777696778
71,0.008333333333333333,-19805.19600048467,17089.79814747315,-36894.99414795782,2087670.7718447358
72,0.008333333333333333,-19805.19600048467,17397.256432039467,-37202.45243252414,2124873.22427726
73,0.008333333333333333,-19805.19600048467,17707.276868977166,-37512.47286946184,2162385.6971467216
74,0.008333333333333333,-19805.19600048467,18019.880809556013,-37825.076810040686,2200210.773956762
75,0.008333333333333333,-19805.19600048467,18335.089782973017,-38140.285783457686,2238351.0597402197
76,0.008333333333333333,-19805.19600048467,18652.925497835164,-38458.12149831983,2276809.1812385395
77,0.008333333333333333,-19805.19600048467,18973.409843654495,-38778.605844139165,2315587.7870826786
78,0.008333333333333333,-19805.19600048467,19296.564892355655,-39101.76089284032,2354689.5479755187
79,0.008333333333333333,-19805.19600048467,19622.41289979599,-39427.608900280655,2394117.1568757994
80,0.008333333333333333,-19805.19600048467,19950.97630729833,-39756.172307782996,2433873.329183582
81,0.008333333333333333,-19805.19600048467,20282.27774319652,-40087.473743681185,2473960.8029272635
82,0.008333333333333333,-19805.19600048467,20616.340024393863,-40421.53602487853,2514382.3389521423
83,0.008333333333333333,-19805.19600048467,20953.18615793452,-40758.38215841919,2555140.7211105614
84,0.008333333333333333,-19805.19600048467,21292.839342588013,-41098.03534307268,2596238.7564536342
85,0.008333333333333333,-19805.19600048467,21635.322970446952,-41440.51897093162,2637679.2754245657
86,0.008333333333333333,-19805.19600048467,21980.660628538048,-41785.85662902272,2679465.1320535885
87,0.008333333333333333,-19805.19600048467,22328.87610044657,-42134.07210093124,2721599.20415452
88,0.008333333333333333,-19805.19600048467,22679.993367954332,-42485.189368439,2764084.3935229587
89,0.008333333333333333,-19805.19600048467,23034.03661269132,-42839.23261317599,2806923.626136135
90,0.008333333333333333,-19805.19600048467,23391.030217801122,-43196.226218285796,2850119.852354421
91,0.008333333333333333,-19805.19600048467,23750.99876962017,-43556.19477010484,2893676.0471245255
92,0.008333333333333333,-19805.19600048467,24113.967059371047,-43919.16305985572,2937595.2101843813
93,0.008333333333333333,-19805.19600048467,24479.960084869843,-44285.15608535451,2981880.3662697356
94,0.008333333333333333,-19805.19600048467,24849.003052247797,-44654.19905273247,3026534.565322468
95,0.008333333333333333,-19805.19600048467,25221.121377687232,-45026.3173781719,3071560.88270064
96,0.008333333333333333,-19805.19600048467,25596.340689171997,-45401.53668965667,3116962.4193902966
97,0.008333333333333333,-19805.19600048467,25974.68682825247,-45779.88282873714,3162742.3022190337
98,0.008333333333333333,-19805.19600048467,26356.18585182528,-46161.38185230995,3208903.684071344
99,0.008333333333333333,-19805.19600048467,26740.864033927865,-46546.060034412534,3255449.7441057563
100,0.008333333333333333,-19805.19600048467,27128.74786754797,-46933.94386803264,3302383.687973789
101,0.008333333333333333,-19805.19600048467,27519.86406644824,-47325.060066932914,3349708.7480407218
102,0.008333333333333333,-19805.19600048467,27914.239567006014,-47719.435567490684,3397428.1836082125
103,0.008333333333333333,-19805.19600048467,28311.901530068437,-48117.0975305531,3445545.2811387656
104,0.008333333333333333,-19805.19600048467,28712.877342823045,-48518.07334330771,3494063.3544820733
105,0.008333333333333333,-19805.19600048467,29117.194620683946,-48922.39062116861,3542985.745103242
106,0.008333333333333333,-19805.19600048467,29524.88120919368,-49330.07720967835,3592315.8223129204
107,0.008333333333333333,-19805.19600048467,29935.965185941004,-49741.16118642567,3642056.983499346
108,0.008333333333333333,-19805.19600048467,30350.47486249455,-50155.67086297922,3692212.654362325
109,0.008333333333333333,-19805.19600048467,30768.438786352708,-50573.63478683738,3742786.2891491624
110,0.008333333333333333,-19805.19600048467,31189.885742909686,-50995.08174339436,3793781.370892557
111,0.008333333333333333,-19805.19600048467,31614.84475743797,-51420.040757922645,3845201.4116504793
112,0.008333333333333333,-19805.19600048467,32043.345097087327,-51848.541097572,3897049.9527480514
113,0.008333333333333333,-19805.19600048467,32475.416272900427,-52280.61227338509,3949330.5650214367
114,0.008333333333333333,-19805.19600048467,32911.0880418453,-52716.28404232997,4002046.8490637667
115,0.008333333333333333,-19805.19600048467,33350.390408864725,-53155.586409349395,4055202.435473116
116,0.008333333333333333,-19805.19600048467,33793.353628942634,-53598.5496294273,4108800.9851025436
117,0.008333333333333333,-19805.19600048467,34240.008209187865,-54045.204209672534,4162846.1893122164
118,0.008333333333333333,-19805.19600048467,34690.384910935136,-54495.580911419805,4217341.770223636
119,0.008333333333333333,-19805.19600048467,35144.51475186364,-54949.71075234831,4272291.480975985
120,0.008333333333333333,-19805.19600048467,35602.42900813321,-55407.62500861788,4327699.105984602
121,0.008333333333333333,-19805.19600048467,36064.15921653835,-55869.35521702302,4383568.461201625
122,0.008333333333333333,-19805.19600048467,36529.73717668021,-56334.93317716488,4439903.39437879
123,0.008333333333333333,-19805.19600048467,36999.19495315658,-56804.39095364125,4496707.785332431
124,0.008333333333333333,-19805.19600048467,37472.56487777026,-57277.76087825493,4553985.546210686
125,0.008333333333333333,-19805.19600048467,37949.879551755716,-57755.075552240385,4611740.621762926
126,0.008333333333333333,-19805.19600048467,38431.17184802438,-58236.36784850905,4669976.989611435
127,0.008333333333333333,-19805.19600048467,38916.474913428625,-58721.670913913294,4728698.660525348
128,0.008333333333333333,-19805.19600048467,39405.822171044565,-59211.018171529235,4787909.678696877
129,0.008333333333333333,-19805.19600048467,39899.24732247398,-59704.44332295865,4847614.122019836
130,0.008333333333333333,-19805.19600048467,40396.7843501653,-60201.98035064997,4907816.102370486
131,0.008333333333333333,-19805.19600048467,40898.46751975405,-60703.66352023872,4968519.765890724
132,0.008333333333333333,-19805.19600048467,41404.3313824227,-61209.52738290737,5029729.2932736315
133,0.008333333333333333,-19805.19600048467,41914.41077728026,-61719.60677776493,5091448.900051396
134,0.008333333333333333,-19805.19600048467,42428.740833761636,-62233.936834246306,5153682.836885642
135,0.008333333333333333,-19805.19600048467,42947.35697404702,-62752.55297453169,5216435.389860174
136,0.008333333333333333,-19805.19600048467,43470.29491550145,-63275.49091598612,5279710.880776159
137,0.008333333333333333,-19805.19600048467,43997.59067313466,-63802.78667361933,5343513.667449779
138,0.008333333333333333,-19805.19600048467,44529.28056208149,-64334.47656256616,5407848.144012345
139,0.008333333333333333,-19805.19600048467,45065.401200102875,-64870.597200587545,5472718.741212932
140,0.008333333333333333,-19805.19600048467,45605.98951010777,-65411.18551059244,5538129.926723525
141,0.008333333333333333,-19805.19600048467,46151.08272269604,-65956.2787231807,5604086.205446705
142,0.008333333333333333,-19805.19600048467,46700.718378722544,-66505.91437920721,5670592.119825913
143,0.008333333333333333,-19805.19600048467,47254.93433188261,-67060.13033236728,5737652.25015828
144,0.008333333333333333,-19805.19600048467,47813.768751319,-67618.96475180367,5805271.214910083
145,0.008333333333333333,-19805.19600048467,48377.26012425069,-68182.45612473536,5873453.6710348185
146,0.008333333333333333,-19805.19600048467,48945.447258623484,-68750.64325910815,5942204.314293927
147,0.008333333333333333,-19805.19600048467,49518.36928578272,-69323.56528626739,6011527.879580194
148,0.008333333333333333,-19805.19600048467,50096.06566316829,-69901.26166365296,6081429.141243847
149,0.008333333333333333,-19805.19600048467,50678.57617703206,-70483.77217751673,6151912.913421364
150,0.008333333333333333,-19805.19600048467,51265.94094517803,-71071.1369456627,6222984.050367027
151,0.008333333333333333,-19805.19600048467,51858.200419725224,-71663.3964202099,6294647.446787236
152,0.008333333333333333,-19805.19600048467,52455.39538989364,-72260.59139037831,6366908.038177615
153,0.008333333333333333,-19805.19600048467,53057.56698481346,-72862.76298529812,6439770.801162913
154,0.008333333333333333,-19805.19600048467,53664.75667635761,-73469.95267684228,6513240.753839755
155,0.008333333333333333,-19805.19600048467,54277.00628199796,-74082.20228248263,6587322.956122238
156,0.008333333333333333,-19805.19600048467,54894.35796768532,-74699.55396816999,6662022.510090408
157,0.008333333333333333,-19805.19600048467,55516.8542507534,-75322.05025123808,6737344.560341646
158,0.008333333333333333,-19805.19600048467,56144.538002847046,-75949.73400333172,6813294.2943449775
159,0.008333333333333333,-19805.19600048467,56777.45245287481,-76582.64845335948,6889876.942798337
160,0.008333333333333333,-19805.19600048467,57415.64118998614,-77220.8371904708,6967097.779988808
161,0.008333333333333333,-19805.19600048467,58059.148166573395,-77864.34416705807,7044962.124155866
162,0.008333333333333333,-19805.19600048467,58708.01770129888,-78513.21370178355,7123475.33785765
163,0.008333333333333333,-19805.19600048467,59362.29448214708,-79167.49048263175,7202642.828340282
164,0.008333333333333333,-19805.19600048467,60022.023569502344,-79827.219569987,7282470.047910268
165,0.008333333333333333,-19805.19600048467,60687.25039925223,-80492.4463997369,7362962.494310006
166,0.008333333333333333,-19805.19600048467,61358.02078591671,-81163.21678640138,7444125.711096407
167,0.008333333333333333,-19805.19600048467,62034.38092580339,-81839.57692628805,7525965.288022695
168,0.008333333333333333,-19805.19600048467,62716.37740018912,-82521.57340067379,7608486.861423369
169,0.008333333333333333,-19805.19600048467,63404.05717852807,-83209.25317901274,7691696.114602381
170,0.008333333333333333,-19805.19600048467,64097.46762168651,-83902.66362217118,7775598.778224553
171,0.008333333333333333,-19805.19600048467,64796.65648520461,-84601.85248568928,7860200.630710242
172,0.008333333333333333,-19805.19600048467,65501.67192258535,-85306.86792307002,7945507.498633312
173,0.008333333333333333,-19805.19600048467,66212.56248861093,-86017.7584890956,8031525.257122408
174,0.008333333333333333,-19805.19600048467,66929.37714268673,-86734.57314317141,8118259.830265579
175,0.008333333333333333,-19805.19600048467,67652.16525221316,-87457.36125269782,8205717.191518277
176,0.008333333333333333,-19805.19600048467,68380.97659598564,-88186.17259647031,8293903.364114747
177,0.008333333333333333,-19805.19600048467,69115.8613676229,-88921.05736810758,8382824.4214828545
178,0.008333333333333333,-19805.19600048467,69856.87017902378,-89662.06617950846,8472486.487662364
179,0.008333333333333333,-19805.19600048467,70604.05406385304,-90409.25006433771,8562895.737726701
180,0.008333333333333333,-19805.19600048467,71357.46448105584,-91162.66048154052,8654058.398208242
181,0.008333333333333333,-19805.19600048467,72117.15331840201,-91922.34931888667,8745980.747527128
182,0.008333333333333333,-19805.19600048467,72883.1728960594,-92688.36889654407,8838669.116423672
183,0.008333333333333333,-19805.19600048467,73655.57597019727,-93460.77197068193,8932129.888394354
184,0.008333333333333333,-19805.19600048467,74434.41573661962,-94239.61173710428,9026369.500131458
185,0.008333333333333333,-19805.19600048467,75219.74583442882,-95024.94183491348,9121394.441966372
186,0.008333333333333333,-19805.19600048467,76011.62034971976,-95816.81635020443,9217211.258316576
187,0.008333333333333333,-19805.19600048467,76810.0938193048,-96615.28981978947,9313826.548136367
188,0.008333333333333333,-19805.19600048467,77615.22123446972,-97420.4172349544,9411246.96537132
189,0.008333333333333333,-19805.19600048467,78427.058044761,-98232.25404524567,9509479.219416566
190,0.008333333333333333,-19805.19600048467,79245.66016180471,-99050.85616228939,9608530.075578855
191,0.008333333333333333,-19805.19600048467,80071.08396315713,-99876.2799636418,9708406.355542498
192,0.008333333333333333,-19805.19600048467,80903.38629618748,-100708.58229667216,9809114.937839169
193,0.008333333333333333,-19805.19600048467,81742.62448199307,-101547.82048247775,9910662.758321647
194,0.008333333333333333,-19805.19600048467,82588.85631934705,-102394.05231983171,10013056.810641479
195,0.008333333333333333,-19805.19600048467,83442.14008867899,-103247.33608916367,10116304.146730643
196,0.008333333333333333,-19805.19600048467,84302.53455608869,-104107.73055657337,10220411.877287216
197,0.008333333333333333,-19805.19600048467,85170.09897739347,-104975.29497787813,10325387.172265094
198,0.008333333333333333,-19805.19600048467,86044.89310220911,-105850.08910269378,10431237.261367787
199,0.008333333333333333,-19805.19600048467,86926.97717806489,-106732.17317854956,10537969.434546337
200,0.008333333333333333,-19805.19600048467,87816.41195455281,-107621.60795503747,10645591.042501373
201,0.008333333333333333,-19805.19600048467,88713.25868751144,-108518.4546879961,10754109.497189369
202,0.008333333333333333,-19805.19600048467,89617.57914324474,-109422.7751437294,10863532.272333099
203,0.008333333333333333,-19805.19600048467,90529.43560277582,-110334.6316032605,10973866.903936358
204,0.008333333333333333,-19805.19600048467,91448.89086613632,-111254.08686662099,11085120.99080298
205,0.008333333333333333,-19805.19600048467,92376.0082566915,-112181.20425717617,11197302.195060154
206,0.008333333333333333,-19805.19600048467,93310.85162550128,-113116.04762598596,11310418.242686141
207,0.008333333333333333,-19805.19600048467,94253.48535571784,-114058.68135620252,11424476.924042344
208,0.008333333333333333,-19805.19600048467,95203.97436701953,-115009.17036750421,11539486.094409848
209,0.008333333333333333,-19805.19600048467,96162.38412008206,-115967.58012056674,11655453.674530415
210,0.008333333333333333,-19805.19600048467,97128.78062108679,-116933.97662157146,11772387.651151987
211,0.008333333333333333,-19805.19600048467,98103.23042626656,-117908.42642675122,11890296.077578738
212,0.008333333333333333,-19805.19600048467,99085.80064648949,-118890.99664697415,12009187.074225713
213,0.008333333333333333,-19805.19600048467,100076.55895188094,-119881.75495236562,12129068.829178078
214,0.008333333333333333,-19805.19600048467,101075.57357648398,-120880.76957696865,12249949.598755047
215,0.008333333333333333,-19805.19600048467,102082.91332295872,-121888.10932344338,12371837.70807849
216,0.008333333333333333,-19805.19600048467,103098.64756732076,-122903.84356780542,12494741.551646296
217,0.008333333333333333,-19805.19600048467,104122.84626371913,-123928.0422642038,12618669.5939105
218,0.008333333333333333,-19805.19600048467,105155.57994925417,-124960.77594973883,12743630.36986024
219,0.008333333333333333,-19805.19600048467,106196.91974883532,-126002.11574931999,12869632.48560956
220,0.008333333333333333,-19805.19600048467,107246.93738007966,-127052.13338056434,12996684.618990123
221,0.008333333333333333,-19805.19600048467,108305.70515825103,-128110.90115873571,13124795.520148858
222,0.008333333333333333,-19805.19600048467,109373.29600124048,-129178.49200172516,13253974.012150584
223,0.008333333333333333,-19805.19600048467,110449.7834345882,-130254.97943507286,13384228.991585657
224,0.008333333333333333,-19805.19600048467,111535.24159654714,-131340.43759703182,13515569.42918269
225,0.008333333333333333,-19805.19600048467,112629.74524318909,-132434.94124367376,13648004.370426364
226,0.008333333333333333,-19805.19600048467,113733.36975355304,-133538.5657540377,13781542.936180402
227,0.008333333333333333,-19805.19600048467,114846.19113483668,-134651.38713532136,13916194.323315723
228,0.008333333333333333,-19805.19600048467,115968.28602763102,-135773.4820281157,14051967.805343838
229,0.008333333333333333,-19805.19600048467,117099.73171119865,-136904.92771168333,14188872.73305552
230,0.008333333333333333,-19805.19600048467,118240.60610879601,-138045.8021092807,14326918.535164801
231,0.008333333333333333,-19805.19600048467,119390.98779304001,-139196.1837935247,14466114.718958326
232,0.008333333333333333,-19805.19600048467,120550.95599131938,-140356.15199180404,14606470.870950129
233,0.008333333333333333,-19805.19600048467,121720.59059125108,-141525.78659173576,14747996.657541865
234,0.008333333333333333,-19805.19600048467,122899.9721461822,-142705.16814666687,14890701.825688532
235,0.008333333333333333,-19805.19600048467,124089.18188073776,-143894.37788122243,15034596.203569755
236,0.008333333333333333,-19805.19600048467,125288.30169641462,-145093.49769689929,15179689.701266654
237,0.008333333333333333,-19805.19600048467,126497.41417722212,-146302.61017770678,15325992.31144436
238,0.008333333333333333,-19805.19600048467,127716.60259536967,-147521.79859585434,15473514.110040216
239,0.008333333333333333,-19805.19600048467,128945.9509170018,-148751.14691748648,15622265.256957702
240,0.008333333333333333,-19805.19600048467,130185.54380798085,-149990.73980846553,15772255.996766169
241,0.008333333333333333,-19805.19600048467,131435.46663971807,-151240.66264020273,15923496.659406371
242,0.008333333333333333,-19805.19600048467,132695.8054950531,-152501.00149553776,16075997.66090191
243,0.008333333333333333,-19805.19600048467,133966.64717418258,-153771.84317466724,16229769.504076578
244,0.008333333333333333,-19805.19600048467,135248.07920063814,-155053.2752011228,16384822.7792777
245,0.008333333333333333,-19805.19600048467,136540.18982731417,-156345.38582779883,16541168.1651055
246,0.008333333333333333,-19805.19600048467,137843.0680425458,-157648.26404303047,16698816.42914853
247,0.008333333333333333,-19805.19600048467,139156.80357623775,-158961.99957672242,16857778.428725254
248,0.008333333333333333,-19805.19600048467,140481.48690604378,-160286.68290652844,17018065.11163178
249,0.008333333333333333,-19805.19600048467,141817.20926359817,-161622.40526408283,17179687.516895864
250,0.008333333333333333,-19805.19600048467,143164.06264079886,-162969.25864128352,17342656.775537148
251,0.008333333333333333,-19805.19600048467,144522.1397961429,-164327.33579662757,17506984.111333776
252,0.008333333333333333,-19805.19600048467,145891.5342611148,-165696.73026159947,17672680.841595374
253,0.008333333333333333,-19805.19600048467,147272.3403466281,-167077.53634711276,17839758.377942488
254,0.008333333333333333,-19805.19600048467,148664.65314952072,-168469.84915000538,18008228.227092493
255,0.008333333333333333,-19805.19600048467,150068.5685591041,-169873.76455958877,18178101.991652083
256,0.008333333333333333,-19805.19600048467,151484.18326376737,-171289.37926425203,18349391.370916333
257,0.008333333333333333,-19805.19600048467,152911.5947576361,-172716.79075812077,18522108.161674455
258,0.008333333333333333,-19805.19600048467,154350.90134728712,-174156.09734777178,18696264.25902223
259,0.008333333333333333,-19805.19600048467,155802.20215851857,-175607.39815900323,18871871.657181233
260,0.008333333333333333,-19805.19600048467,157265.59714317694,-177070.7931436616,19048942.450324893
261,0.008333333333333333,-19805.19600048467,158741.18708604077,-178546.38308652543,19227488.833411418
262,0.008333333333333333,-19805.19600048467,160229.07361176182,-180034.26961224648,19407523.103023663
263,0.008333333333333333,-19805.19600048467,161729.35919186386,-181534.55519234852,19589057.65821601
264,0.008333333333333333,-19805.19600048467,163242.14715180008,-183047.34315228474,19772105.001368295
265,0.008333333333333333,-19805.19600048467,164767.54167806913,-184572.7376785538,19956677.73904685
266,0.008333333333333333,-19805.19600048467,166305.64782539042,-186110.84382587508,20142788.582872726
267,0.008333333333333333,-19805.19600048467,167856.57152393938,-187661.76752442404,20330450.35039715
268,0.008333333333333333,-19805.19600048467,169420.41958664294,-189225.6155871276,20519675.965984277
269,0.008333333333333333,-19805.19600048467,170997.29971653564,-190802.4957170203,20710478.461701296
270,0.008333333333333333,-19805.19600048467,172587.32051417747,-192392.51651466213,20902870.97821596
271,0.008333333333333333,-19805.19600048467,174190.591485133,-193995.78748561765,21096866.765701577
272,0.008333333333333333,-19805.19600048467,175807.22304751314,-195612.4190479978,21292479.184749573
273,0.008333333333333333,-19805.19600048467,177437.32653957978,-197242.52254006444,21489721.707289636
274,0.008333333333333333,-19805.19600048467,179081.01422741363,-198886.2102278983,21688607.917517535
275,0.008333333333333333,-19805.19600048467,180738.39931264613,-200543.5953131308,21889151.512830667
276,0.008333333333333333,-19805.19600048467,182409.59594025556,-202214.79194074022,22091366.30477141
277,0.008333333333333333,-19805.19600048467,184094.7192064284,-203899.91520691305,22295266.21997832
278,0.008333333333333333,-19805.19600048467,185793.885166486,-205599.08116697066,22500865.301145293
279,0.008333333333333333,-19805.19600048467,187507.21084287745,-207312.4068433621,22708177.707988653
280,0.008333333333333333,-19805.19600048467,189234.81423323878,-209040.01023372344,22917217.718222376
281,0.008333333333333333,-19805.19600048467,190976.81431851978,-210782.01031900445,23127999.72854138
282,0.008333333333333333,-19805.19600048467,192733.33107117817,-212538.52707166283,23340538.255613044
283,0.008333333333333333,-19805.19600048467,194504.48546344202,-214309.68146392668,23554847.93707697
284,0.008333333333333333,-19805.19600048467,196290.39947564143,-216095.5954761261,23770943.532553095
285,0.008333333333333333,-19805.19600048467,198091.19610460912,-217896.39210509378,23988839.92465819
286,0.008333333333333333,-19805.19600048467,199906.9993721516,-219712.19537263626,24208552.120030828
287,0.008333333333333333,-19805.19600048467,201737.93433359024,-221543.1303340749,24430095.250364903
288,0.008333333333333333,-19805.19600048467,203584.12708637418,-223389.32308685884,24653484.57345176
289,0.008333333333333333,-19805.19600048467,205445.7047787647,-225250.90077924935,24878735.474231012
290,0.008333333333333333,-19805.19600048467,207322.79561859177,-227127.99161907643,25105863.46585009
291,0.008333333333333333,-19805.19600048467,209215.52888208407,-229020.72488256873,25334884.190732658
292,0.008333333333333333,-19805.19600048467,211124.03492277215,-230929.2309232568,25565813.421655916
293,0.008333333333333333,-19805.19600048467,213048.44518046596,-232853.64118095062,25798667.062836867
294,0.008333333333333333,-19805.19600048467,214988.89219030723,-234794.0881907919,26033461.151027657
295,0.008333333333333333,-19805.19600048467,216945.50959189713,-236750.7055923818,26270211.85662004
296,0.008333333333333333,-19805.19600048467,218918.43213850033,-238723.628138985,26508935.484759025
297,0.008333333333333333,-19805.19600048467,220907.7957063252,-240712.99170680987,26749648.476465836
298,0.008333333333333333,-19805.19600048467,222913.73730388196,-242718.93330436663,26992367.409770202
299,0.008333333333333333,-19805.19600048467,224936.39508141833,-244741.591081903,27237109.000852104
300,0.008333333333333333,-19805.19600048467,226975.9083404342,-246781.10434091886,27483890.105193023
301,0.008333333333333333,-19805.19600048467,229032.4175432752,-248837.61354375986,27732727.718736783
302,0.008333333333333333,-19805.19600048467,231106.06432280652,-250911.26032329118,27983638.979060072
303,0.008333333333333333,-19805.19600048467,233196.99149216726,-253002.18749265192,28236641.166552726
304,0.008333333333333333,-19805.19600048467,235305.34305460606,-255110.53905509072,28491751.705607817
305,0.008333333333333333,-19805.19600048467,237431.26421339848,-257236.46021388314,28748988.1658217
306,0.008333333333333333,-19805.19600048467,239574.9013818475,-259380.09738233217,29008368.263204034
307,0.008333333333333333,-19805.19600048467,241736.40219336696,-261541.59819385162,29269909.861397885
308,0.008333333333333333,-19805.19600048467,243915.91551164904,-263721.11151213374,29533630.972910017
309,0.008333333333333333,-19805.19600048467,246113.5914409168,-265918.78744140145,29799549.76035142
310,0.008333333333333333,-19805.19600048467,248329.58133626182,-268134.7773367465,30067684.537688166
311,0.008333333333333333,-19805.19600048467,250564.03781406806,-270369.2338145527,30338053.77150272
312,0.008333333333333333,-19805.19600048467,252817.11476252266,-272622.3107630073,30610676.082265727
313,0.008333333333333333,-19805.19600048467,255088.9673522144,-274894.1633526991,30885570.245618425
314,0.008333333333333333,-19805.19600048467,257379.7520468202,-277184.9480473049,31162755.19366573
315,0.008333333333333333,-19805.19600048467,259689.6266138811,-279494.8226143658,31442250.016280096
316,0.008333333333333333,-19805.19600048467,262018.75013566748,-281823.94613615214,31724073.962416247
317,0.008333333333333333,-19805.19600048467,264367.28302013536,-284172.47902062006,32008246.44143687
318,0.008333333333333333,-19805.19600048467,266735.3870119739,-286540.5830124586,32294787.024449326
319,0.008333333333333333,-19805.19600048467,269123.22520374437,-288928.42120422906,32583715.445653554
320,0.008333333333333333,-19805.19600048467,271530.96204711293,-291336.1580475976,32875051.603701152
321,0.008333333333333333,-19805.19600048467,273958.76336417627,-293763.95936466096,33168815.563065812
322,0.008333333333333333,-19805.19600048467,276406.79635888175,-296211.99235936644,33465027.55542518
323,0.008333333333333333,-19805.19600048467,278875.22962854314,-298680.4256290278,33763707.98105421
324,0.008333333333333333,-19805.19600048467,281364.23317545175,-301169.42917593644,34064877.410230145
325,0.008333333333333333,-19805.19600048467,283873.97841858456,-303679.17441906926,34368556.58464921
326,0.008333333333333333,-19805.19600048467,286404.6382054101,-306209.8342058948,34674766.41885511
327,0.008333333333333333,-19805.19600048467,288956.3868237926,-308761.5828242773,34983528.00167938
328,0.008333333333333333,-19805.19600048467,291529.40001399483,-311334.5960144795,35294862.59769386
329,0.008333333333333333,-19805.19600048467,294123.85498078214,-313929.05098126683,35608791.64867513
330,0.008333333333333333,-19805.19600048467,296739.9304056261,-316545.12640611076,35925336.77508124
331,0.008333333333333333,-19805.19600048467,299377.80645901035,-319183.00245949504,36244519.777540736
332,0.008333333333333333,-19805.19600048467,302037.6648128395,-321842.86081332417,36566362.63835406
333,0.008333333333333333,-19805.19600048467,304719.6886529505,-324524.8846534352,36890887.5230075
334,0.008333333333333333,-19805.19600048467,307424.06269172917,-327229.25869221386,37218116.78169971
335,0.008333333333333333,-19805.19600048467,310150.9731808309,-329956.1691813156,37548072.95088103
336,0.008333333333333333,-19805.19600048467,312900.60792400857,-332705.80392449326,37880778.75480552
337,0.008333333333333333,-19805.19600048467,315673.156290046,-335478.3522905307,38216257.10709605
338,0.008333333333333333,-19805.19600048467,318468.80922580045,-338274.00522628514,38554531.11232234
339,0.008333333333333333,-19805.19600048467,321287.7592693528,-341092.9552698375,38895624.067592174
340,0.008333333333333333,-19805.19600048467,324130.2005632681,-343935.3965637528,39239559.46415593
341,0.008333333333333333,-19805.19600048467,326996.3288679661,-346801.52486845077,39586360.98902438
342,0.008333333333333333,-19805.19600048467,329886.3415752032,-349691.53757568786,39936052.52660006
343,0.008333333333333333,-19805.19600048467,332800.4377216672,-352605.63372215186,40288658.16032221
344,0.008333333333333333,-19805.19600048467,335738.8180026851,-355544.0140031698,40644202.174325384
345,0.008333333333333333,-19805.19600048467,338701.6847860449,-358506.88078652957,41002709.055111915
346,0.008333333333333333,-19805.19600048467,341689.2421259326,-361494.4381264173,41364203.49323833
347,0.008333333333333333,-19805.19600048467,344701.6957769861,-364506.89177747077,41728710.3850158
348,0.008333333333333333,-19805.19600048467,347739.253208465,-367544.4492089497,42096254.83422475
349,0.008333333333333333,-19805.19600048467,350802.1236185396,-370607.3196190243,42466862.153843775
350,0.008333333333333333,-19805.19600048467,353890.51794869814,-373695.7139491828,42840557.86779296
351,0.008333333333333333,-19805.19600048467,357004.64889827464,-376809.84489875933,43217367.71269172
352,0.008333333333333333,-19805.19600048467,360144.73093909764,-379949.92693958234,43597317.6396313
353,0.008333333333333333,-19805.19600048467,363310.9803302608,-383116.1763307455,43980433.81596205
354,0.008333333333333333,-19805.19600048467,366503.61513301707,-386308.81113350176,44366742.62709555
355,0.008333333333333333,-19805.19600048467,369722.85522579623,-389528.0512262809,44756270.67832183
356,0.008333333333333333,-19805.19600048467,372968.9223193486,-392774.1183198333,45149044.79664166
357,0.008333333333333333,-19805.19600048467,376242.03997201385,-396047.23597249854,45545092.032614164
358,0.008333333333333333,-19805.19600048467,379542.433605118,-399347.6296056027,45944439.66221977
359,0.008333333333333333,-19805.19600048467,382870.3305184981,-402675.5265189828,46347115.188738756
360,0.008333333333333333,-19805.19600048467,386225.9599061563,-406031.155906641,46753146.344645396
361,0.008333333333333333,-19805.19600048467,389609.55287204497,-409414.74887252966,47162561.09351792
362,0.008333333333333333,-19805.19600048467,393021.3424459827,-412826.53844646737,47575387.631964386
363,0.008333333333333333,-19805.19600048467,396461.5635997032,-416266.7596001879,47991654.39156457
364,0.008333333333333333,-19805.19600048467,399930.45326303807,-419735.64926352276,48411390.040828094
365,0.008333333333333333,-19805.19600048467,403428.25034023414,-423233.44634071883,48834623.48716881
366,0.008333333333333333,-19805.19600048467,406955.19572640676,-426760.39172689145,49261383.8788957
367,0.008333333333333333,-19805.19600048467,410511.5323241308,-430316.7283246155,49691700.607220314
368,0.008333333333333333,-19805.19600048467,414097.50506016926,-433902.70106065396,50125603.30828097
369,0.008333333333333333,-19805.19600048467,417713.3609023414,-437518.55690282607,50563121.86518379
370,0.008333333333333333,-19805.19600048467,421359.3488765316,-441164.5448770163,51004286.41006081
371,0.008333333333333333,-19805.19600048467,425035.7200838401,-444840.91608432477,51449127.326145135
372,0.008333333333333333,-19805.19600048467,428742.72771787614,-448547.92371836083,51897675.2498635
373,0.008333333333333333,-19805.19600048467,432480.62708219583,-452285.8230826805,52349961.072946176
374,0.008333333333333333,-19805.19600048467,436249.67560788477,-456054.87160836946,52806015.944554545
375,0.008333333333333333,-19805.19600048467,440050.1328712879,-459855.32887177257,53265871.27342632
376,0.008333333333333333,-19805.19600048467,443882.260611886,-463687.4566123707,53729558.73003869
377,0.008333333333333333,-19805.19600048467,447746.3227503224,-467551.5187508071,54197110.2487895
378,0.008333333333333333,-19805.19600048467,451642.58540657914,-471447.7814070638,54668558.03019656
379,0.008333333333333333,-19805.19600048467,455571.31691830466,-475376.51291878935,55143934.543115355
380,0.008333333333333333,-19805.19600048467,459532.7878592946,-479337.9838597793,55623272.52697513
381,0.008333333333333333,-19805.19600048467,463527.2710581261,-483332.4670586108,56106604.99403375
382,0.008333333333333333,-19805.19600048467,467555.04161694786,-487360.23761743255,56593965.23165118
383,0.008333333333333333,-19805.19600048467,471616.3769304265,-491421.5729309112,57085386.80458209
384,0.008333333333333333,-19805.19600048467,475711.55670485075,-495516.75270533544,57580903.557287425
385,0.008333333333333333,-19805.19600048467,479840.8629773952,-499646.0589778799,58080549.616265304
386,0.008333333333333333,-19805.19600048467,484004.5801355442,-503809.7761360289,58584359.39240133
387,0.008333333333333333,-19805.19600048467,488202.99493667774,-508008.19093716244,59092367.58333849
388,0.008333333333333333,-19805.19600048467,492436.39652782073,-512241.5925283054,59604609.1758668
389,0.008333333333333333,-19805.19600048467,496705.07646555663,-516510.2724660413,60121119.44833284
390,0.008333333333333333,-19805.19600048467,501009.328736107,-520814.5247365917,60641933.97306943
391,0.008333333333333333,-19805.19600048467,505349.44977557857,-525154.6457760632,61167088.61884549
392,0.008333333333333333,-19805.19600048467,509725.7384903791,-529530.9344908638,61696619.55333636
393,0.008333333333333333,-19805.19600048467,514138.496277803,-533943.6922782876,62230563.24561465
394,0.008333333333333333,-19805.19600048467,518588.0270467887,-538393.2230472733,62768956.46866192
395,0.008333333333333333,-19805.19600048467,523074.6372388493,-542879.8332393339,63311836.30190125
396,0.008333333333333333,-19805.19600048467,527598.6358491771,-547403.8318496618,63859240.133750916
397,0.008333333333333333,-19805.19600048467,532160.3344479243,-551965.5304484089,64411205.66419932
398,0.008333333333333333,-19805.19600048467,536760.047201661,-556565.2432021457,64967770.907401465
399,0.008333333333333333,-19805.19600048467,541398.0908950123,-561203.2868954969,65528974.19429696
400,0.008333333333333333,-19805.19600048467,546074.7849524746,-565879.9809529593,66094854.17524992
401,0.008333333333333333,-19805.19600048467,550790.451460416,-570595.6474609006,66665449.82271082
402,0.008333333333333333,-19805.19600048467,555545.4151892568,-575350.6111897414,67240800.43390056
403,0.008333333333333333,-19805.19600048467,560340.003615838,-580145.1996163226,67820945.6335169
404,0.008333333333333333,-19805.19600048467,565174.5469459741,-584979.7429464587,68405925.37646335
405,0.008333333333333333,-19805.19600048467,570049.3781371946,-589854.5741376792,68995779.95060103
406,0.008333333333333333,-19805.19600048467,574964.8329216752,-594770.0289221598,69590549.97952318
407,0.008333333333333333,-19805.19600048467,579921.2498293598,-599726.4458298445,70190276.42535302
408,0.008333333333333333,-19805.19600048467,584918.9702112752,-604724.1662117598,70795000.59156477
409,0.008333333333333333,-19805.19600048467,589958.3382630398,-609763.5342635245,71404764.1258283
410,0.008333333333333333,-19805.19600048467,595039.7010485692,-614844.8970490538,72019609.02287735
411,0.008333333333333333,-19805.19600048467,600163.408523978,-619968.6045244626,72639577.62740181
412,0.008333333333333333,-19805.19600048467,605329.8135616818,-625135.0095621664,73264712.63696398
413,0.008333333333333333,-19805.19600048467,610539.2719746998,-630344.4679751844,73895057.10493916
414,0.008333333333333333,-19805.19600048467,615792.1425411596,-635597.3385416443,74530654.4434808
415,0.008333333333333333,-19805.19600048467,621088.7870290068,-640893.9830294914,75171548.42651029
416,0.008333333333333333,-19805.19600048467,626429.5702209191,-646234.7662214037,75817783.1927317
417,0.008333333333333333,-19805.19600048467,631814.8599394307,-651620.0559399154,76469403.2486716
418,0.008333333333333333,-19805.19600048467,637245.0270722634,-657050.223072748,77126453.47174436
419,0.008333333333333333,-19805.19600048467,642720.4455978697,-662525.6415983543,77788979.11334272
420,0.008333333333333333,-19805.19600048467,648241.4926111893,-668046.6886116739,78457025.80195439
421,0.008333333333333333,-19805.19600048467,653808.5483496198,-673613.7443501045,79130639.5463045
422,0.008333333333333333,-19805.19600048467,659421.9962192042,-679227.1922196888,79809866.73852418
423,0.008333333333333333,-19805.19600048467,665082.2228210348,-684887.4188215195,80494754.1573457
424,0.008333333333333333,-19805.19600048467,670789.6179778808,-690594.8139783654,81185348.97132406
425,0.008333333333333333,-19805.19600048467,676544.5747610338,-696349.7707615184,81881698.74208558
426,0.008333333333333333,-19805.19600048467,682347.4895173798,-702152.6855178644,82583851.42760344
427,0.008333333333333333,-19805.19600048467,688198.7618966954,-708003.95789718,83291855.38550062
428,0.008333333333333333,-19805.19600048467,694098.7948791719,-713903.9908796565,84005759.37638028
429,0.008333333333333333,-19805.19600048467,700047.994803169,-719853.1908036537,84725612.56718393
430,0.008333333333333333,-19805.19600048467,706046.7713931993,-725851.967393684,85451464.53457761
431,0.008333333333333333,-19805.19600048467,712095.5377881468,-731900.7337886314,86183365.26836623
432,0.008333333333333333,-19805.19600048467,718194.7105697186,-737999.9065702033,86921365.17493643
433,0.008333333333333333,-19805.19600048467,724344.7097911369,-744149.9057916215,87665515.08072805
434,0.008333333333333333,-19805.19600048467,730545.9590060671,-750351.1550065518,88415866.23573461
435,0.008333333333333333,-19805.19600048467,736798.8852977884,-756604.081298273,89172470.31703289
436,0.008333333333333333,-19805.19600048467,743103.9193086074,-762909.115309092,89935379.43234198
437,0.008333333333333333,-19805.19600048467,749461.4952695165,-769266.6912700011,90704646.12361197
438,0.008333333333333333,-19805.19600048467,755872.0510300997,-775677.2470305844,91480323.37064256
439,0.008333333333333333,-19805.19600048467,762336.0280886879,-782141.2240891726,92262464.59473173
440,0.008333333333333333,-19805.19600048467,768853.8716227644,-788659.067623249,93051123.66235498
441,0.008333333333333333,-19805.19600048467,775426.0305196248,-795231.2265201095,93846354.88887508
442,0.008333333333333333,-19805.19600048467,782052.9574072923,-801858.153407777,94648213.04228286
443,0.008333333333333333,-19805.19600048467,788735.1086856906,-808540.3046861752,95456753.34696904
444,0.008333333333333333,-19805.19600048467,795472.9445580753,-815278.1405585599,96272031.4875276
445,0.008333333333333333,-19805.19600048467,802266.9290627299,-822072.1250632146,97094103.6125908
446,0.008333333333333333,-19805.19600048467,809117.5301049234,-828922.726105408,97923026.33869621
447,0.008333333333333333,-19805.19600048467,816025.2194891351,-835830.4154896197,98758856.75418583
448,0.008333333333333333,-19805.19600048467,822990.4729515485,-842795.6689520332,99601652.42313786
449,0.008333333333333333,-19805.19600048467,830013.7701928155,-849818.9661933001,100451471.38933116
450,0.008333333333333333,-19805.19600048467,837095.594911093,-856900.7909115776,101308372.18024275
451,0.008333333333333333,-19805.19600048467,844236.4348353562,-864041.6308358408,102172413.8110786
452,0.008333333333333333,-19805.19600048467,851436.7817589883,-871241.9777594729,103043655.78883806
453,0.008333333333333333,-19805.19600048467,858697.1315736505,-878502.3275741352,103922158.1164122
454,0.008333333333333333,-19805.19600048467,866017.984303435,-885823.1803039196,104807981.29671611
455,0.008333333333333333,-19805.19600048467,873399.8441393009,-893205.0401397855,105701186.33685589
456,0.008333333333333333,-19805.19600048467,880843.2194737991,-900648.4154742837,106601834.75233017
457,0.008333333333333333,-19805.19600048467,888348.6229360848,-908153.8189365694,107509988.57126674
458,0.008333333333333333,-19805.19600048467,895916.5714272228,-915721.7674277074,108425710.33869445
459,0.008333333333333333,-19805.19600048467,903547.5861557871,-923352.7821562717,109349063.12085073
460,0.008333333333333333,-19805.19600048467,911242.192673756,-931047.3886742407,110280110.50952497
461,0.008333333333333333,-19805.19600048467,919000.920912708,-938806.1169131927,111218916.62643817
462,0.008333333333333333,-19805.19600048467,926824.305220318,-946629.5012208027,112165546.12765898
463,0.008333333333333333,-19805.19600048467,934712.8843971582,-954518.0803976428,113120064.20805661
464,0.008333333333333333,-19805.19600048467,942667.2017338051,-962472.3977342898,114082536.6057909
465,0.008333333333333333,-19805.19600048467,950687.8050482575,-970493.0010487421,115053029.60683964
466,0.008333333333333333,-19805.19600048467,958775.2467236636,-978580.4427241483,116031610.0495638
467,0.008333333333333333,-19805.19600048467,966930.0837463649,-986735.2797468496,117018345.32931064
468,0.008333333333333333,-19805.19600048467,975152.8777442554,-994958.07374474,118013303.40305538
469,0.008333333333333333,-19805.19600048467,983444.1950254615,-1003249.3910259461,119016552.79408133
470,0.008333333333333333,-19805.19600048467,991804.6066173444,-1011609.8026178291,120028162.59669916
471,0.008333333333333333,-19805.19600048467,1000234.6883058264,-1020039.884306311,121048202.48100547
472,0.008333333333333333,-19805.19600048467,1008735.0206750456,-1028540.2166755302,122076742.69768101
473,0.008333333333333333,-19805.19600048467,1017306.1891473418,-1037111.3851478264,123113854.08282883
474,0.008333333333333333,-19805.19600048467,1025948.7840235736,-1045753.9800240583,124159608.06285289
475,0.008333333333333333,-19805.19600048467,1034663.4005237741,-1054468.5965242588,125214076.65937714
476,0.008333333333333333,-19805.19600048467,1043450.6388281429,-1063255.8348286275,126277332.49420577
477,0.008333333333333333,-19805.19600048467,1052311.1041183814,-1072116.3001188661,127349448.79432464
478,0.008333333333333333,-19805.19600048467,1061245.4066193718,-1081050.6026198566,128430499.3969445
479,0.008333333333333333,-19805.19600048467,1070254.161641204,-1090059.3576416888,129520558.75458618
480,0.008333333333333333,-19805.19600048467,1079337.9896215515,-1099143.1856220362,130619701.94020821
481,0.008333333333333333,-19805.19600048467,1088497.5161684018,-1108302.7121688866,131728004.6523771
482,0.008333333333333333,-19805.19600048467,1097733.3721031426,-1117538.5681036273,132845543.22048073
483,0.008333333333333333,-19805.19600048467,1107046.1935040061,-1126851.389504491,133972394.60998522
484,0.008333333333333333,-19805.19600048467,1116436.6217498768,-1136241.8177503615,135108636.42773557
485,0.008333333333333333,-19805.19600048467,1125905.303564463,-1145710.4995649478,136254346.9273005
486,0.008333333333333333,-19805.19600048467,1135452.8910608375,-1155258.0870613223,137409605.01436183
487,0.008333333333333333,-19805.19600048467,1145080.0417863484,-1164885.2377868332,138574490.25214866
488,0.008333333333333333,-19805.19600048467,1154787.4187679056,-1174592.6147683903,139749082.86691704
489,0.008333333333333333,-19805.19600048467,1164575.690557642,-1184380.8865581267,140933463.75347516
490,0.008333333333333333,-19805.19600048467,1174445.5312789597,-1194250.7272794445,142127714.4807546
491,0.008333333333333333,-19805.19600048467,1184397.6206729552,-1204202.81667344,143331917.29742804
492,0.008333333333333333,-19805.19600048467,1194432.6441452336,-1214237.8401457183,144546155.13757375
493,0.008333333333333333,-19805.19600048467,1204551.2928131146,-1224356.4888135993,145770511.62638736
494,0.008333333333333333,-19805.19600048467,1214754.263553228,-1234559.4595537127,147005071.08594108
495,0.008333333333333333,-19805.19600048467,1225042.259049509,-1244847.4550499937,148249918.54099107
496,0.008333333333333333,-19805.19600048467,1235415.9878415922,-1255221.183842077,149505139.72483313
497,0.008333333333333333,-19805.19600048467,1245876.1643736095,-1265681.3603740942,150770821.08520722
498,0.008333333333333333,-19805.19600048467,1256423.5090433934,-1276228.7050438782,152047049.7902511
499,0.008333333333333333,-19805.19600048467,1267058.7482520926,-1286863.9442525774,153333913.7345037
500,0.008333333333333333,-19805.19600048467,1277782.6144541975,-1297587.8104546822,154631501.54495838
501,0.008333333333333333,-19805.19600048467,1288595.8462079866,-1308401.0422084713,155939902.58716685
502,0.008333333333333333,-19805.19600048467,1299499.1882263904,-1319304.3842268751,157259206.97139373
503,0.008333333333333333,-19805.19600048467,1310493.391428281,-1330298.5874287658,158589505.5588225
504,0.008333333333333333,-19805.19600048467,1321579.2129901876,-1341384.4089906723,159930889.9678132
505,0.008333333333333333,-19805.19600048467,1332757.4163984433,-1352562.612398928,161283452.58021212
506,0.008333333333333333,-19805.19600048467,1344028.7715017677,-1363833.9675022524,162647286.54771438
507,0.008333333333333333,-19805.19600048467,1355394.0545642865,-1375199.2505647712,164022485.79827917
508,0.008333333333333333,-19805.19600048467,1366854.048318993,-1386659.2443194778,165409145.04259863
509,0.008333333333333333,-19805.19600048467,1378409.5420216552,-1398214.73802214,166807359.78062078
510,0.008333333333333333,-19805.19600048467,1390061.3315051731,-1409866.5275056579,168217226.30812645
511,0.008333333333333333,-19805.19600048467,1401810.2192343872,-1421615.415234872,169638841.7233613
512,0.008333333333333333,-19805.19600048467,1413657.0143613443,-1433462.210361829,171072303.93372315
513,0.008333333333333333,-19805.19600048467,1425602.5327810263,-1445407.728781511,172517711.66250467
514,0.008333333333333333,-19805.19600048467,1437647.5971875389,-1457452.7931880236,173975164.4556927
515,0.008333333333333333,-19805.19600048467,1449793.0371307726,-1469598.2331312574,175444762.68882397
516,0.008333333333333333,-19805.19600048467,1462039.689073533,-1481844.8850740178,176926607.573898
517,0.008333333333333333,-19805.19600048467,1474388.3964491498,-1494193.5924496346,178420801.16634762
518,0.008333333333333333,-19805.19600048467,1486840.0097195634,-1506645.2057200482,179927446.37206766
519,0.008333333333333333,-19805.19600048467,1499395.386433897,-1519200.5824343818,181446646.95450205
520,0.008333333333333333,-19805.19600048467,1512055.391287517,-1531860.5872880018,182978507.54179004
521,0.008333333333333333,-19805.19600048467,1524820.8961815836,-1544626.0921820684,184523133.6339721
522,0.008333333333333333,-19805.19600048467,1537692.780283101,-1557497.9762835857,186080631.6102557
523,0.008333333333333333,-19805.19600048467,1550671.9300854641,-1570477.126085949,187651108.73634163
524,0.008333333333333333,-19805.19600048467,1563759.2394695135,-1583564.4354699983,189234673.1718116
525,0.008333333333333333,-19805.19600048467,1576955.6097650968,-1596760.8057655816,190831433.97757718
526,0.008333333333333333,-19805.19600048467,1590261.9498131431,-1610067.1458136279,192441501.1233908
527,0.008333333333333333,-19805.19600048467,1603679.1760282565,-1623484.3720287413,194064985.49541953
528,0.008333333333333333,-19805.19600048467,1617208.2124618294,-1637013.4084623142,195701998.90388185
529,0.008333333333333333,-19805.19600048467,1630849.990865682,-1650655.1868661668,197352654.090748
530,0.008333333333333333,-19805.19600048467,1644605.4507562334,-1664410.6467567182,199017064.73750472
531,0.008333333333333333,-19805.19600048467,1658475.539479206,-1678280.7354796908,200695345.4729844
532,0.008333333333333333,-19805.19600048467,1672461.21227487,-1692266.4082753547,202387611.88125977
533,0.008333333333333333,-19805.19600048467,1686563.4323438313,-1706368.628344316,204093980.5096041
534,0.008333333333333333,-19805.19600048467,1700783.1709133675,-1720588.3669138523,205814568.87651795
535,0.008333333333333333,-19805.19600048467,1715121.4073043163,-1734926.603304801,207549495.47982275
536,0.008333333333333333,-19805.19600048467,1729579.1289985229,-1749384.3249990076,209298879.80482176
537,0.008333333333333333,-19805.19600048467,1744157.331706848,-1763962.5277073327,211062842.3325291
538,0.008333333333333333,-19805.19600048467,1758857.0194377424,-1778662.2154382272,212841504.5479673
539,0.008333333333333333,-19805.19600048467,1773679.2045663942,-1793484.400566879,214634988.9485342
540,0.008333333333333333,-19805.19600048467,1788624.9079044515,-1808430.1039049362,216443419.05243912
541,0.008333333333333333,-19805.19600048467,1803695.158770326,-1823500.3547708108,218266919.40720993
542,0.008333333333333333,-19805.19600048467,1818890.9950600828,-1838696.1910605675,220105615.5982705
543,0.008333333333333333,-19805.19600048467,1834213.463318921,-1854018.6593194057,221959634.2575899
544,0.008333333333333333,-19805.19600048467,1849663.6188132493,-1869468.814813734,223829103.07240364
545,0.008333333333333333,-19805.19600048467,1865242.5256033635,-1885047.7216038483,225714150.79400748
546,0.008333333333333333,-19805.19600048467,1880951.256616729,-1900756.4526172138,227614907.2466247
547,0.008333333333333333,-19805.19600048467,1896790.8937218725,-1916596.0897223572,229531503.33634707
548,0.008333333333333333,-19805.19600048467,1912762.5278028923,-1932567.723803377,231464071.06015044
549,0.008333333333333333,-19805.19600048467,1928867.258834587,-1948672.4548350717,233412743.5149855
550,0.008333333333333333,-19805.19600048467,1945106.1959582125,-1964911.3919586972,235377654.9069442
551,0.008333333333333333,-19805.19600048467,1961480.4575578682,-1981285.653558353,237358940.56050253
552,0.008333333333333333,-19805.19600048467,1977991.171337521,-1997796.3673380057,239356736.92784053
553,0.008333333333333333,-19805.19600048467,1994639.474398671,-2014444.6703991557,241371181.5982397
554,0.008333333333333333,-19805.19600048467,2011426.5133186642,-2031231.709319149,243402413.30755883
555,0.008333333333333333,-19805.19600048467,2028353.4442296568,-2048158.6402301416,245450571.94778898
556,0.008333333333333333,-19805.19600048467,2045421.4328982416,-2065226.6288987263,247515798.57668772
557,0.008333333333333333,-19805.19600048467,2062631.654805731,-2082436.8508062158,249598235.42749393
558,0.008333333333333333,-19805.19600048467,2079985.295229116,-2099790.4912296007,251698025.91872352
559,0.008333333333333333,-19805.19600048467,2097483.549322696,-2117288.7453231807,253815314.6640467
560,0.008333333333333333,-19805.19600048467,2115127.6222003894,-2134932.818200874,255950247.4822476
561,0.008333333333333333,-19805.19600048467,2132918.72901873,-2152723.925019215,258102971.4072668
562,0.008333333333333333,-19805.19600048467,2150858.0950605567,-2170663.2910610414,260273634.69832784
563,0.008333333333333333,-19805.19600048467,2168946.9558193986,-2188752.1518198834,262462386.85014772
564,0.008333333333333333,-19805.19600048467,2187186.557084564,-2206991.753085049,264669378.60323277
565,0.008333333333333333,-19805.19600048467,2205578.1550269397,-2225383.3510274244,266894761.9542602
566,0.008333333333333333,-19805.19600048467,2224123.0162855014,-2243928.212285986,269138690.16654617
567,0.008333333333333333,-19805.19600048467,2242822.4180545514,-2262627.614055036,271401317.7806012
568,0.008333333333333333,-19805.19600048467,2261677.648171677,-2281482.8441721615,273682800.6247734
569,0.008333333333333333,-19805.19600048467,2280690.0052064448,-2300495.2012069295,275983295.8259803
570,0.008333333333333333,-19805.19600048467,2299860.798549836,-2319665.994550321,278302961.82053065
571,0.008333333333333333,-19805.19600048467,2319191.348504422,-2338996.544504907,280641958.36503553
572,0.008333333333333333,-19805.19600048467,2338682.986375296,-2358488.182375781,283000446.5474113
573,0.008333333333333333,-19805.19600048467,2358337.054561761,-2378142.250562246,285378588.7979736
574,0.008333333333333333,-19805.19600048467,2378154.9066497795,-2397960.1026502643,287776548.90062386
575,0.008333333333333333,-19805.19600048467,2398137.907505199,-2417943.1035056836,290194492.0041295
576,0.008333333333333333,-19805.19600048467,2418287.433367746,-2438092.6293682307,292632584.6334978
577,0.008333333333333333,-19805.19600048467,2438604.8719458147,-2458410.0679462994,295090994.7014441
578,0.008333333333333333,-19805.19600048467,2459091.622512034,-2478896.818512519,297569891.5199566
579,0.008333333333333333,-19805.19600048467,2479749.095999638,-2499554.292000123,300069445.8119567
580,0.008333333333333333,-19805.19600048467,2500578.7150996393,-2520383.911100124,302589829.72305685
581,0.008333333333333333,-19805.19600048467,2521581.9143588073,-2541387.110359292,305131216.83341616
582,0.008333333333333333,-19805.19600048467,2542760.140278468,-2562565.3362789527,307693782.16969514
583,0.008333333333333333,-19805.19600048467,2564114.8514141263,-2583920.047414611,310277702.21710974
584,0.008333333333333333,-19805.19600048467,2585647.5184759144,-2605452.714476399,312883154.93158615
585,0.008333333333333333,-19805.19600048467,2607359.6244298844,-2627164.820430369,315510319.75201654
586,0.008333333333333333,-19805.19600048467,2629252.6646001376,-2649057.8606006224,318159377.6126172
587,0.008333333333333333,-19805.19600048467,2651328.14677181,-2671133.342772295,320830510.9553895
588,0.008333333333333333,-19805.19600048467,2673587.5912949126,-2693392.7872953974,323523903.7426849
589,0.008333333333333333,-19805.19600048467,2696032.5311890407,-2715837.7271895255,326239741.46987444
590,0.008333333333333333,-19805.19600048467,2718664.512248954,-2738469.7082494386,328978211.1781239
591,0.008333333333333333,-19805.19600048467,2741485.0931510325,-2761290.289151517,331739501.4672754
592,0.008333333333333333,-19805.19600048467,2764495.845560628,-2784301.0415611127,334523802.5088365
593,0.008333333333333333,-19805.19600048467,2787698.3542403043,-2807503.550240789,337331306.0590773
594,0.008333333333333333,-19805.19600048467,2811094.217158978,-2830899.4131594626,340162205.4722368
595,0.008333333333333333,-19805.19600048467,2834685.0456019733,-2854490.241602458,343016695.7138393
596,0.008333333333333333,-19805.19600048467,2858472.464281994,-2878277.6602824787,345894973.3741218
597,0.008333333333333333,-19805.19600048467,2882458.111451015,-2902263.3074514996,348797236.6815733
598,0.008333333333333333,-19805.19600048467,2906643.6390131107,-2926448.8350135954,351723685.51658684
599,0.008333333333333333,-19805.19600048467,2931030.7126382235,-2950835.9086387083,354674521.42522556
600,0.008333333333333333,-19805.19600048467,2955621.0118768797,-2975426.2078773645,357649947.6331029
601,0.008333333333333333,-19805.19600048467,2980416.2302758573,-3000221.426276342,360650169.0593792
602,0.008333333333333333,-19805.19600048467,3005418.075494827,-3025223.2714953115,363675392.3308745
603,0.008333333333333333,-19805.19600048467,3030628.269423954,-3050433.465424439,366725825.7962989
604,0.008333333333333333,-19805.19600048467,3056048.548302491,-3075853.744302976,369801679.5406019
605,0.008333333333333333,-19805.19600048467,3081680.662838349,-3101485.858838834,372903165.39944077
606,0.008333333333333333,-19805.19600048467,3107526.378328673,-3127331.574329158,376030496.9737699
607,0.008333333333333333,-19805.19600048467,3133587.474781416,-3153392.6707819006,379183889.6445518
608,0.008333333333333333,-19805.19600048467,3159865.747037932,-3179670.9430384166,382363560.5875902
609,0.008333333333333333,-19805.19600048467,3186363.004896585,-3206168.2008970696,385569728.7884873
610,0.008333333333333333,-19805.19600048467,3213081.0732373944,-3232886.269237879,388802615.0577252
611,0.008333333333333333,-19805.19600048467,3240021.79214771,-3259826.9881481947,392062442.0458734
612,0.008333333333333333,-19805.19600048467,3267187.017048945,-3286992.21304943,395349434.2589228
613,0.008333333333333333,-19805.19600048467,3294578.6188243567,-3314383.8148248415,398663818.07374763
614,0.008333333333333333,-19805.19600048467,3322198.483947897,-3342003.6799483816,402005821.753696
615,0.008333333333333333,-19805.19600048467,3350048.5146141336,-3369853.7106146184,405375675.46431065
616,0.008333333333333333,-19805.19600048467,3378130.6288692555,-3397935.8248697403,408773611.2891804
617,0.008333333333333333,-19805.19600048467,3406446.76074317,-3426251.956743655,412199863.24592406
618,0.008333333333333333,-19805.19600048467,3434998.8603827003,-3454804.056383185,415654667.30230725
619,0.008333333333333333,-19805.19600048467,3463788.8941858937,-3483594.0901863785,419138261.3924936
620,0.008333333333333333,-19805.19600048467,3492818.8449374465,-3512624.0409379313,422650885.43343157
621,0.008333333333333333,-19805.19600048467,3522090.711945263,-3541895.907945748,426192781.3413773
622,0.008333333333333333,-19805.19600048467,3551606.5111781443,-3571411.707178629,429764193.04855597
623,0.008333333333333333,-19805.19600048467,3581368.275404633,-3601173.471405118,433365366.51996106
624,0.008333333333333333,-19805.19600048467,3611378.054333009,-3631183.2503334936,436996549.77029455
625,0.008333333333333333,-19805.19600048467,3641637.9147524545,-3661443.1107529392,440657992.8810475
626,0.008333333333333333,-19805.19600048467,3672149.9406753955,-3691955.1366758803,444349948.0177234
627,0.008333333333333333,-19805.19600048467,3702916.233481028,-3722721.429481513,448072669.4472049
628,0.008333333333333333,-19805.19600048467,3733938.9120600405,-3753744.1080605253,451826413.5552654
629,0.008333333333333333,-19805.19600048467,3765220.1129605453,-3785025.30896103,455611438.86422646
630,0.008333333333333333,-19805.19600048467,3796761.9905352206,-3816567.1865357053,459428006.0507622
631,0.008333333333333333,-19805.19600048467,3828566.7170896847,-3848371.9130901694,463276377.96385235
632,0.008333333333333333,-19805.19600048467,3860636.4830321027,-3880441.6790325874,467156819.6428849
633,0.008333333333333333,-19805.19600048467,3892973.4970240407,-3912778.6930245254,471069598.3359094
634,0.008333333333333333,-19805.19600048467,3925579.9861325785,-3945385.182133063,475014983.5180425
635,0.008333333333333333,-19805.19600048467,3958458.1959836874,-3978263.391984172,478993246.91002667
636,0.008333333333333333,-19805.19600048467,3991610.390916889,-4011415.586917374,483004662.49694407
637,0.008333333333333333,-19805.19600048467,4025038.8541412004,-4044844.050141685,487049506.54708576
638,0.008333333333333333,-19805.19600048467,4058745.8878923813,-4078551.083892866,491128057.63097864
639,0.008333333333333333,-19805.19600048467,4092733.8135914886,-4112539.0095919734,495240596.64057064
640,0.008333333333333333,-19805.19600048467,4127004.9720047554,-4146810.16800524,499387406.80857587
641,0.008333333333333333,-19805.19600048467,4161561.7234047987,-4181366.9194052834,503568773.72798115
642,0.008333333333333333,-19805.19600048467,4196406.447733176,-4216211.643733661,507784985.37171483
643,0.008333333333333333,-19805.19600048467,4231541.544764291,-4251346.740764775,512036332.1124796
644,0.008333333333333333,-19805.19600048467,4266969.434270663,-4286774.630271148,516323106.74275076
645,0.008333333333333333,-19805.19600048467,4302692.556189589,-4322497.752190074,520645604.4949408
646,0.008333333333333333,-19805.19600048467,4338713.370791174,-4358518.566791658,525004123.0617325
647,0.008333333333333333,-19805.19600048467,4375034.358847771,-4394839.554848256,529398962.6165807
648,0.008333333333333333,-19805.19600048467,4411658.021804839,-4431463.217805324,533830425.83438605
649,0.008333333333333333,-19805.19600048467,4448586.881953217,-4468392.077953702,538298817.9123398
650,0.008333333333333333,-19805.19600048467,4485823.482602832,-4505628.678603317,542804446.5909431
651,0.008333333333333333,-19805.19600048467,4523370.388257859,-4543175.584258344,547347622.1752014
652,0.008333333333333333,-19805.19600048467,4561230.184793345,-4581035.380793829,551928657.5559952
653,0.008333333333333333,-19805.19600048467,4599405.479633293,-4619210.675633778,556547868.231629
654,0.008333333333333333,-19805.19600048467,4637898.901930242,-4657704.097930727,561205572.3295597
655,0.008333333333333333,-19805.19600048467,4676713.10274633,-4696518.298746815,565902090.6283065
656,0.008333333333333333,-19805.19600048467,4715850.755235887,-4735655.951236372,570637746.5795429
657,0.008333333333333333,-19805.19600048467,4755314.554829524,-4775119.750830009,575412866.3303729
658,0.008333333333333333,-19805.19600048467,4795107.219419775,-4814912.415420259,580227778.7457932
659,0.008333333333333333,-19805.19600048467,4835231.489548277,-4855036.685548762,585082815.431342
660,0.008333333333333333,-19805.19600048467,4875690.128594517,-4895495.3245950015,589978310.755937
661,0.008333333333333333,-19805.19600048467,4916485.922966141,-4936291.118966626,594914601.8749036
662,0.008333333333333333,-19805.19600048467,4957621.682290863,-4977426.878291348,599892028.7531949
663,0.008333333333333333,-19805.19600048467,4999100.239609958,-5018905.435610442,604910934.1888053
664,0.008333333333333333,-19805.19600048467,5040924.4515733775,-5060729.647573862,609971663.8363792
665,0.008333333333333333,-19805.19600048467,5083097.198636493,-5102902.394636977,615074566.2310162
666,0.008333333333333333,-19805.19600048467,5125621.385258468,-5145426.581258953,620219992.8122752
667,0.008333333333333333,-19805.19600048467,5168499.940102293,-5188305.136102778,625408297.948378
668,0.008333333333333333,-19805.19600048467,5211735.816236483,-5231541.012236968,630639838.9606149
669,0.008333333333333333,-19805.19600048467,5255331.991338458,-5275137.187338943,635914976.1479539
670,0.008333333333333333,-19805.19600048467,5299291.467899616,-5319096.663900101,641234072.811854
671,0.008333333333333333,-19805.19600048467,5343617.273432117,-5363422.469432602,646597495.2812866
672,0.008333333333333333,-19805.19600048467,5388312.460677388,-5408117.656677873,652005612.9379644
673,0.008333333333333333,-19805.19600048467,5433380.10781637,-5453185.303816855,657458798.2417812
674,0.008333333333333333,-19805.19600048467,5478823.31868151,-5498628.514681995,662957426.7564633
675,0.008333333333333333,-19805.19600048467,5524645.222970528,-5544450.418971012,668501877.1754344
676,0.008333333333333333,-19805.19600048467,5570848.976461953,-5590654.172462437,674092531.3478968
677,0.008333333333333333,-19805.19600048467,5617437.761232473,-5637242.957232958,679729774.3051298
678,0.008333333333333333,-19805.19600048467,5664414.785876081,-5684219.981876566,685413994.2870064
679,0.008333333333333333,-19805.19600048467,5711783.285725053,-5731588.481725538,691145582.768732
680,0.008333333333333333,-19805.19600048467,5759546.523072766,-5779351.719073251,696924934.4878052
681,0.008333333333333333,-19805.19600048467,5807707.787398377,-5827512.983398862,702752447.4712042
682,0.008333333333333333,-19805.19600048467,5856270.3955933675,-5876075.591593852,708628523.062798
683,0.008333333333333333,-19805.19600048467,5905237.692189983,-5925042.888190468,714553565.9509885
684,0.008333333333333333,-19805.19600048467,5954613.049591571,-5974418.245592056,720527984.1965805
685,0.008333333333333333,-19805.19600048467,6004399.8683048375,-6024205.064305322,726552189.2608858
686,0.008333333333333333,-19805.19600048467,6054601.577174049,-6074406.773174534,732626596.0340604
687,0.008333333333333333,-19805.19600048467,6105221.633617169,-6125026.829617654,738751622.863678
688,0.008333333333333333,-19805.19600048467,6156263.523863983,-6176068.719864468,744927691.5835425
689,0.008333333333333333,-19805.19600048467,6207730.763196187,-6227535.959196672,751155227.5427392
690,0.008333333333333333,-19805.19600048467,6259626.896189493,-6279432.092189978,757434659.6349292
691,0.008333333333333333,-19805.19600048467,6311955.496957744,-6331760.692958228,763766420.3278874
692,0.008333333333333333,-19805.19600048467,6364720.169399062,-6384525.365399547,770150945.693287
693,0.008333333333333333,-19805.19600048467,6417924.547444059,-6437729.743444543,776588675.4367316
694,0.008333333333333333,-19805.19600048467,6471572.295306097,-6491377.491306582,783080052.9280381
695,0.008333333333333333,-19805.19600048467,6525667.107733651,-6545472.303734136,789625525.2317723
696,0.008333333333333333,-19805.19600048467,6580212.710264769,-6600017.906265254,796225543.1380376
697,0.008333333333333333,-19805.19600048467,6635212.859483646,-6655018.055484131,802880561.1935217
698,0.008333333333333333,-19805.19600048467,6690671.343279348,-6710476.5392798325,809591037.7328016
699,0.008333333333333333,-19805.19600048467,6746591.98110668,-6766397.177107165,816357434.9099088
700,0.008333333333333333,-19805.19600048467,6802978.624249239,-6822783.820249724,823180218.7301584
701,0.008333333333333333,-19805.19600048467,6859835.156084654,-6879640.352085139,830059859.0822436
702,0.008333333333333333,-19805.19600048467,6917165.492352029,-6936970.688352514,836996829.770596
703,0.008333333333333333,-19805.19600048467,6974973.581421633,-6994778.777422118,843991608.5480181
704,0.008333333333333333,-19805.19600048467,7033263.404566817,-7053068.600567302,851044677.1485854
705,0.008333333333333333,-19805.19600048467,7092038.976238212,-7111844.172238696,858156521.3208241
706,0.008333333333333333,-19805.19600048467,7151304.3443402015,-7171109.540340686,865327630.8611648
707,0.008333333333333333,-19805.19600048467,7211063.590509706,-7230868.786510191,872558499.647675
708,0.008333333333333333,-19805.19600048467,7271320.830397292,-7291126.026397777,879849625.6740729
709,0.008333333333333333,-19805.19600048467,7332080.213950607,-7351885.409951092,887201511.084024
710,0.008333333333333333,-19805.19600048467,7393345.9257002,-7413151.121700685,894614662.2057246
711,0.008333333333333333,-19805.19600048467,7455122.185047705,-7474927.3810481895,902089589.5867728
712,0.008333333333333333,-19805.19600048467,7517413.246556439,-7537218.442556924,909626808.0293298
713,0.008333333333333333,-19805.19600048467,7580223.400244415,-7600028.5962449,917226836.6255747
714,0.008333333333333333,-19805.19600048467,7643556.971879789,-7663362.167880273,924890198.793455
715,0.008333333333333333,-19805.19600048467,7707418.323278791,-7727223.519279276,932617422.3127342
716,0.008333333333333333,-19805.19600048467,7771811.852606119,-7791617.048606603,940409039.3613409
717,0.008333333333333333,-19805.19600048467,7836741.994677841,-7856547.1906783255,948265586.5520192
718,0.008333333333333333,-19805.19600048467,7902213.221266827,-7922018.417267311,956187604.9692866
719,0.008333333333333333,-19805.19600048467,7968230.041410721,-7988035.237411206,964175640.2066978
720,0.008333333333333333,-19805.19600048467,8034797.001722482,-8054602.197722967,972230242.4044207
